<?xml version="1.0"?>
<manifest xmlns="http://www.imsglobal.org/xsd/imsccv1p1/imscp_v1p1" xmlns:lom="http://ltsc.ieee.org/xsd/imsccv1p1/LOM/resource" xmlns:imsmd="http://www.imsglobal.org/xsd/imsmd_v1p2" xmlns:xsi="http://www.w3.org/2001/XMLSchema-instance" identifier="bd5d2463297e2216dedaeb9583600c91" xsi:schemaLocation="http://www.imsglobal.org/xsd/imsccv1p1/imscp_v1p1 http://www.imsglobal.org/xsd/imscp_v1p1.xsd http://ltsc.ieee.org/xsd/imsccv1p1/LOM/resource http://www.imsglobal.org/profile/cc/ccv1p1/LOM/ccv1p1_lomresource_v1p0.xsd http://www.imsglobal.org/xsd/imsmd_v1p2 http://www.imsglobal.org/xsd/imsmd_v1p2p2.xsd">
  <metadata>
    <schema>IMS Content</schema>
    <schemaversion>1.1.3</schemaversion>
    <imsmd:lom>
      <imsmd:general>
        <imsmd:title>
          <imsmd:string>QTI Quiz Export for </imsmd:string>
        </imsmd:title>
      </imsmd:general>
      <imsmd:lifeCycle>
        <imsmd:contribute>
          <imsmd:date>
            <imsmd:dateTime>2023-11-17</imsmd:dateTime>
          </imsmd:date>
        </imsmd:contribute>
      </imsmd:lifeCycle>
      <imsmd:rights>
        <imsmd:copyrightAndOtherRestrictions>
          <imsmd:value>yes</imsmd:value>
        </imsmd:copyrightAndOtherRestrictions>
        <imsmd:description>
          <imsmd:string>Private (Copyrighted) - http://en.wikipedia.org/wiki/Copyright</imsmd:string>
        </imsmd:description>
      </imsmd:rights>
    </imsmd:lom>
  </metadata>
  <organizations/>
  <resources>
    <resource identifier="g240e5c4a94c5e34baf6e4dee08823a44" type="imsqti_xmlv1p2">
      <file href="g240e5c4a94c5e34baf6e4dee08823a44/g240e5c4a94c5e34baf6e4dee08823a44.xml"/>
      <dependency identifierref="66eedf0280bee49f453b14c8bd971142"/>
    </resource>
    <resource identifier="66eedf0280bee49f453b14c8bd971142" type="associatedcontent/imscc_xmlv1p1/learning-application-resource" href="g240e5c4a94c5e34baf6e4dee08823a44/assessment_meta.xml">
      <file href="g240e5c4a94c5e34baf6e4dee08823a44/assessment_meta.xml"/>
    </resource>
    <resource identifier="g0219238a9f375feb1988e9b229f8e617" type="associatedcontent/imscc_xmlv1p1/learning-application-resource" href="non_cc_assessments/g0219238a9f375feb1988e9b229f8e617.xml.qti">
      <file href="non_cc_assessments/g0219238a9f375feb1988e9b229f8e617.xml.qti"/>
    </resource>
  </resources>
</manifest>
