<?xml version="1.0"?>
<questestinterop xmlns="http://www.imsglobal.org/xsd/ims_qtiasiv1p2" xmlns:xsi="http://www.w3.org/2001/XMLSchema-instance" xsi:schemaLocation="http://www.imsglobal.org/xsd/ims_qtiasiv1p2 http://www.imsglobal.org/xsd/ims_qtiasiv1p2p1.xsd">
  <assessment ident="g240e5c4a94c5e34baf6e4dee08823a44" title="Cell Biology Quiz">
    <qtimetadata>
      <qtimetadatafield>
        <fieldlabel>cc_maxattempts</fieldlabel>
        <fieldentry>unlimited</fieldentry>
      </qtimetadatafield>
    </qtimetadata>
    <section ident="root_section">
      <section ident="gb80acf39f576037a0ac90df7c14eed47" title="Cell Biology Quiz - Cell Counting - 1">
        <selection_ordering>
          <selection>
            <sourcebank_ref>g0219238a9f375feb1988e9b229f8e617</sourcebank_ref>
            <selection_number>1</selection_number>
            <selection_extension>
              <points_per_item>1.0</points_per_item>
            </selection_extension>
          </selection>
        </selection_ordering>
      </section>
    </section>
  </assessment>
</questestinterop>
